NODE1,COUNTRY1,NODE2,COUNTRY2,DETAIL,USES,TYPE,ROLE,GOODS1,GOODS2,GOODS3,DIR,DIST,TRAVMODE,TRAVTIME,EARLYDATE,LATEDATE,DATAQLTY,SRC,LONG1,LAT1,COORDSRC1,LONG2,LAT2,COORDSRC2,NODEID1,NODEID2,PROBL,DATAID
Paris,FR,Orleans,FR,nkn,plg,cd,maj,A001,B001,C001,Santiago,d000dd,wlk,t000t,1000,1500,QC3,Zarnecki 1985:52,2.333333,48.866669,ADL2024067,1.9,47.916668,ADL2023228,444,446,P000,tmcFRm1500_001a
Tours,FR,Orleans,FR,nkn,plg,cd,maj,A001,B001,C001,Santiago,d000dd,wlk,t000t,1000,1500,QC3,Zarnecki 1985:52,0.683333,47.383331,ADL2040805,1.9,47.916668,ADL2023228,475,446,P000,tmcFRm1500_002a
Tours,FR,Poitiers,FR,nkn,plg,cd,maj,A001,B001,C001,Santiago,d000dd,wlk,t000t,1000,1500,QC3,Zarnecki 1985:52,0.683333,47.383331,ADL2040805,0.333333,46.583332,ADL2026176,475,449,P000,tmcFRm1500_003a
St-Jean d'Angely,FR,Poitiers,FR,nkn,plg,cd,maj,A001,B001,C001,Santiago,d000dd,wlk,t000t,1000,1500,QC3,Zarnecki 1985:52,-0.516667,45.950001,ADL2033043,0.333333,46.583332,ADL2026176,1500,449,P000,tmcFRm1500_004a
St-Jean d'Angely,FR,Saintes,FR,nkn,plg,cd,maj,A001,B001,C001,Santiago,d000dd,wlk,t000t,1000,1500,QC3,Zarnecki 1985:52,-0.516667,45.950001,ADL2033043,-0.633333,45.75,ADL2036347,1500,909,P000,tmcFRm1500_005a
Chartres,FR,Tours,FR,nkn,plg,cd,maj,A001,B001,C001,Santiago,d000dd,wlk,t000t,1000,1500,QC3,Zarnecki 1985:52,1.5,48.450001,ADL1984901,0.683333,47.383331,ADL2040805,410,475,P000,tmcFRm1500_006a
Saintes,FR,Blaye,FR,nkn,plg,cd,maj,A001,B001,C001,Santiago,d000dd,wlk,t000t,1000,1500,QC3,Zarnecki 1985:52,-0.633333,45.75,ADL2036347,-0.666667,45.133331,ADL1978912,909,1501,P000,tmcFRm1500_007a
Bordeaux,FR,loc01-tmc030511,FR,Cubzac-les-Ponts?,plg,cd,maj,A001,B001,C001,Santiago,d000dd,wlk,t000t,1000,1500,QC3,Zarnecki 1985:52,-0.566667,44.833332,ADL1979638,-0.45,44.966667,ADL1989292,408,1534,P000,tmcFRm1500_008a
Bordeaux,FR,Ostabat,FR,nkn,plg,cd,maj,A001,B001,C001,Santiago,d000dd,wlk,t000t,1000,1500,QC3,Zarnecki 1985:52,-0.566667,44.833332,ADL1979638,-1.066667,43.25,ADL2023435,408,362,P000,tmcFRm1500_009a
Roncevaux,ES,Ostabat,FR,nkn,plg,cd,maj,A001,B001,C001,Santiago,d000dd,wlk,t000t,1000,1500,QC3,Zarnecki 1985:52,-1.316677,43.016666,ADL3856990,-1.066667,43.25,ADL2023435,278,362,P000,tmcFRm1500_010a
Puente la Reina,ES,Somport,FR,nkn,plg,cd,maj,A001,B001,C001,Santiago,d000dd,wlk,t000t,1000,1500,QC3,Zarnecki 1985:52,-1.816667,42.666668,ADL3855085,-0.516667,42.799999,ADL3860609,363,365,P000,tmcFRm1500_011a
Roncevaux,ES,Puente la Reina,ES,nkn,plg,cd,maj,A001,B001,C001,Santiago,d000dd,wlk,t000t,1000,1500,QC3,Zarnecki 1985:52,-1.316677,43.016666,ADL3856990,-1.816667,42.666668,ADL3855085,278,363,P000,tmcFRm1500_012a
Burgos,ES,Puente la Reina,ES,nkn,plg,cd,maj,A001,B001,C001,Santiago,d000dd,wlk,t000t,1000,1500,QC3,Zarnecki 1985:52,-3.7,42.349998,ADL3831539,-1.816667,42.666668,ADL3855085,387,363,P000,tmcFRm1500_013a
Burgos,ES,Leon,ES,nkn,plg,cd,maj,A001,B001,C001,Santiago,d000dd,wlk,t000t,1000,1500,QC3,Zarnecki 1985:52,-3.7,42.349998,ADL3831539,-5.566667,42.599998,ADL3846329,387,377,P000,tmcFRm1500_014a
Villafranca,ES,Leon,ES,nkn,plg,cd,maj,A001,B001,C001,Santiago,d000dd,wlk,t000t,1000,1500,QC3,Zarnecki 1985:52,-6.8,42.599998,ADL3864974,-5.566667,42.599998,ADL3846329,367,377,P000,tmcFRm1500_015a
Villafranca,ES,Santiago de Compostela,ES,nkn,plg,cd,maj,A001,B001,C001,Santiago,d000dd,wlk,t000t,1000,1500,QC3,Zarnecki 1985:52,-6.8,42.599998,ADL3864974,-8.55,42.883331,ADL3859484,367,295,P000,tmcFRm1500_016a
Vezelay,FR,Bourges,FR,nkn,plg,cd,maj,A001,B001,C001,Santiago,d000dd,wlk,t000t,1000,1500,QC3,Zarnecki 1985:52,3.733333,47.466667,ADL2043577,2.4,47.083332,ADL1980244,477,413,P000,tmcFRm1500_017a
Neuvy-St-Sepulcre,FR,Bourges,FR,nkn,plg,cd,maj,A001,B001,C001,Santiago,d000dd,wlk,t000t,1000,1500,QC3,Zarnecki 1985:52,1.816667,46.599998,ADL2021989,2.4,47.083332,ADL1980244,441,413,P000,tmcFRm1500_018a
Neuvy-St-Sepulcre,FR,Autun,FR,nkn,plg,cd,min,A001,B001,C001,Santiago,d000dd,wlk,t000t,1000,1500,QC3,Zarnecki 1985:52,1.816667,46.599998,ADL2021989,4.3,46.950001,ADL1975238,441,1504,P000,tmcFRm1500_019a
Neuvy-St-Sepulcre,FR,St-Leonard,FR,nkn,plg,cd,maj,A001,B001,C001,Santiago,d000dd,wlk,t000t,1000,1500,QC3,Zarnecki 1985:52,1.816667,46.599998,ADL2021989,1.483333,45.833332,ADL2033608,441,1505,P000,tmcFRm1500_020a
Limoges,FR,St-Leonard,FR,nkn,plg,cd,maj,A001,B001,C001,Santiago,d000dd,wlk,t000t,1000,1500,QC3,Zarnecki 1985:52,1.25,45.849998,ADL2014104,1.483333,45.833332,ADL2033608,433,1505,P000,tmcFRm1500_021a
Limoges,FR,Perigueux,FR,nkn,plg,cd,maj,A001,B001,C001,Santiago,d000dd,wlk,t000t,1000,1500,QC3,Zarnecki 1985:52,1.25,45.849998,ADL2014104,0.716667,45.183334,ADL2024643,433,445,P000,tmcFRm1500_022a
Ostabat,FR,Perigueux,FR,nkn,plg,cd,maj,A001,B001,C001,Santiago,d000dd,wlk,t000t,1000,1500,QC3,Zarnecki 1985:52,-1.066667,43.25,ADL2023435,0.716667,45.183334,ADL2024643,362,445,P000,tmcFRm1500_023a
Lyons,FR,Le Puy,FR,nkn,plg,cd,maj,A001,B001,C001,Santiago,d000dd,wlk,t000t,1000,1500,QC3,Zarnecki 1985:52,4.85,45.75,ADL2015434,3.883333,45.033333,ADL2009730,434,281,P000,tmcFRm1500_024a
Conques,FR,Le Puy,FR,nkn,plg,cd,maj,A001,B001,C001,Santiago,d000dd,wlk,t000t,1000,1500,QC3,Zarnecki 1985:52,2.4,44.599998,ADL1987563,3.883333,45.033333,ADL2009730,285,281,P000,tmcFRm1500_025a
Conques,FR,frk03-tmc030511,FR,E Conques; NW Rocamadour; W Cahors,plg,cd,maj,A001,B001,C001,Santiago,d000dd,wlk,t000t,1000,1500,QC3,Zarnecki 1985:52,2.4,44.599998,ADL1987563,2.033333,44.599998,ADL1993061,285,422,P000,tmcFRm1500_026a
Rocamadour,FR,frk03-tmc030511,FR, ,plg,cd,maj,A001,B001,C001,Santiago,d000dd,wlk,t000t,1000,1500,QC3,Zarnecki 1985:52,1.633333,44.799999,ADL2029449,2.033333,44.599998,ADL1993061,459,422,P000,tmcFRm1500_027a
Cahors,FR,frk03-tmc030511,FR,E Conques; NW Rocamadour; W Cahors,plg,cd,maj,A001,B001,C001,Santiago,d000dd,wlk,t000t,1000,1500,QC3,Zarnecki 1985:52,1.433333,44.433334,ADL1982071,2.033333,44.599998,ADL1993061,409,422,P000,tmcFRm1500_028a
Cahors,FR,Moissac,FR,nkn,plg,cd,maj,A001,B001,C001,Santiago,d000dd,wlk,t000t,1000,1500,QC3,Zarnecki 1985:52,1.433333,44.433334,ADL1982071,1.083333,44.099998,ADL2018865,409,437,P000,tmcFRm1500_029a
Ostabat,FR,Moissac,FR,nkn,plg,cd,maj,A001,B001,C001,Santiago,d000dd,wlk,t000t,1000,1500,QC3,Zarnecki 1985:52,-1.066667,43.25,ADL2023435,1.083333,44.099998,ADL2018865,362,437,P000,tmcFRm1500_030a
Clermont,FR,Le Puy,FR,nkn,plg,cd,min,A001,B001,C001,Santiago,d000dd,wlk,t000t,1000,1500,QC3,Zarnecki 1985:52,3.083333,45.783333,ADL1986775,3.883333,45.033333,ADL2009730,417,281,P000,tmcFRm1500_031a
Les Saintes Maries,FR,St-Gilles,FR,nkn,plg,cd,maj,A001,B001,C001,Santiago,d000dd,wlk,t000t,1000,1500,QC3,Zarnecki 1985:52,4.433333,43.450001,ADL2036346,4.433333,43.683334,ADL2032725,1506,463,P000,tmcFRm1500_032a
Arles,FR,St-Gilles,FR,nkn,plg,cd,maj,A001,B001,C001,Santiago,d000dd,wlk,t000t,1000,1500,QC3,Zarnecki 1985:52,4.633333,43.666668,ADL1974174,4.433333,43.683334,ADL2032725,403,463,P000,tmcFRm1500_033a
St-Guilhem,FR,St-Gilles,FR,nkn,plg,cd,maj,A001,B001,C001,Santiago,d000dd,wlk,t000t,1000,1500,QC3,Zarnecki 1985:52,3.55,43.733334,ADL2032787,4.433333,43.683334,ADL2032725,1507,463,P000,tmcFRm1500_034a
St-Guilhem,FR,Toulouse,FR,nkn,plg,cd,maj,A001,B001,C001,Santiago,d000dd,wlk,t000t,1000,1500,QC3,Zarnecki 1985:52,3.55,43.733334,ADL2032787,1.433333,43.599998,ADL2040676,1507,474,P000,tmcFRm1500_035a
loc02-tmc030511,FR,Toulouse,FR,Oloron-Sainte-Marie,plg,cd,maj,A001,B001,C001,Santiago,d000dd,wlk,t000t,1000,1500,QC3,Zarnecki 1985:52,-0.6,43.200001,ADL2022964,1.433333,43.599998,ADL2040676,442,474,P000,tmcFRm1500_036a
loc02-tmc030511,FR,Somport,FR,Oloron-Sainte-Marie,plg,cd,maj,A001,B001,C001,Santiago,d000dd,wlk,t000t,1000,1500,QC3,Zarnecki 1985:52,-0.6,43.200001,ADL2022964,-0.516667,42.799999,ADL3860609,442,365,P000,tmcFRm1500_037a
loc01-tmc030511,FR,Blaye,FR,Cubzac-les-Ponts?,plg,cd,maj,A001,B001,C001,Santiago,d000dd,wlk,t000t,1000,1500,QC3,Zarnecki 1985:52,-0.45,44.966667,ADL1989292,-0.666667,45.133331,ADL1978912,1534,1501,P000,tmcFRm1500_038a